step	loss
0	1773.783447265625
1	1639.969970703125
2	178.41688537597656
3	954.4164428710938
4	712.2606201171875
5	287.229248046875
6	270.5013732910156
7	284.4820556640625
8	289.4413757324219
9	311.4840393066406
