step	loss
0	235.34234619140625
1	80.69305419921875
2	1781.2193603515625
3	4399.462890625
4	947.6248168945312
5	1331.2105712890625
6	3658.928466796875
7	3725.77001953125
8	367.7268371582031
9	414.05535888671875
