step	loss
0	1826.2327880859375
1	3690.85009765625
2	1239.2889404296875
3	3097.0908203125
4	1598.0272216796875
5	3077.165283203125
6	254.88670349121094
7	2072.712890625
8	868.298095703125
9	566.1983032226562
