step	loss
0	2957.410400390625
1	3603.5029296875
2	260.29437255859375
3	1885.79833984375
4	710.4093017578125
5	1866.229248046875
6	783.2960815429688
7	638.4303588867188
8	311.5311279296875
9	2088.451171875
